Fecha,BTC_price,BTC_supply,MarketCapBTC_USD,M2SL_USD,m2_published,TxVolumeUSD,TxTfrCnt,Gold_price,Dominance_dec,DMB,MC2,MC1,RV12,UC
2015-01-01,263.52,13784800.0,3632570495.9999995,11805200000000.0,True,1979241491.480186,92876.375,1279.2,0.8003677419354838,-8.086354868055894,-8.69358170515026,-5.000052507055335,-1.1236032968628515,1.3885943350990018
2015-02-01,239.94,13890275.0,3332832583.5,11922800000000.0,True,1317653696.042424,93906.85714285714,1213.1,0.8229071428571428,-8.182385244272634,-9.110355160396526,-4.996640824405064,-0.7610263242384437,1.5361691550405139
2015-03-01,252.96,14004050.0,3542464488.0,11920500000000.0,True,1668649874.2158978,101887.875,1183.2,0.8636806451612903,-8.12119221807482,-8.874000045151895,-4.923228908532838,-0.5795722201624227,1.8462027464479327
2015-04-01,225.62,14110400.0,3183588448.0,11954600000000.0,True,1424328378.6189394,103594.57142857143,1182.4,0.8714799999999999,-8.230862417182403,-9.035171031161074,-4.91418246401954,-0.6239273846348832,1.9141083815104747
2015-05-01,235.31,14222025.0,3346584702.75,11982600000000.0,True,1361275826.3726141,104420.125,1189.8,0.8781741935483872,-8.183270542417423,-9.0827885088759,-4.914124673211514,-0.8576937684905289,1.9752527636133743
2015-06-01,248.57,14331575.0,3562399597.75,12023200000000.0,True,1814265486.006597,116860.85714285714,1171.8,0.84807,-8.124159033509986,-8.79891270071799,-4.809236452180481,-0.7605837790993362,1.719543291099209
2015-07-01,288.45,14446150.0,4166991967.5,12067000000000.0,True,2009541481.6538882,138061.125,1095.1,0.8493290322580646,-7.97103530828093,-8.700323155605773,-4.6504867001808865,-0.5636191874216931,1.729348226234345
2015-08-01,225.11,14561025.0,3277832337.75,12112000000000.0,True,2486483916.161339,114148.5,1132.5,0.8414096774193548,-8.214769644390955,-8.491082344990671,-4.8486034853394795,-0.6829552029247561,1.6687543830957496
2015-09-01,239.14,14672750.0,3508841435.0,12173900000000.0,True,2096064678.9216282,136021.42857142858,1115.2,0.84686,-8.1517636873008,-8.666987970546266,-4.680934874615619,-0.3639509497687358,1.7101828560491037
2015-10-01,328.17,14786750.0,4852567747.5,12225200000000.0,True,2765318919.682748,136007.125,1141.4,0.8805096774193548,-7.831746676803758,-8.394098704147078,-4.688779514418516,-0.04085475893838973,1.99726553319497
2015-11-01,358.0,14902975.0,5335265050.0,12317000000000.0,True,5229052921.130156,161710.5,1065.3,0.9059833333333331,-7.7443971360722665,-7.764505525088644,-4.523508436892985,0.046777990120762,2.2655488384765725
2015-12-01,433.23,15029550.0,6511251946.5,12387900000000.0,True,5815479597.984357,195796.0,1060.2,0.9106838709677421,-7.550943719711098,-7.663952210155156,-4.340700241300503,0.44200127541055456,2.3220137359932083
2016-01-01,376.6,15151225.0,5705951335.0,12518500000000.0,True,3795882872.2371664,193497.125,1116.4,0.9020999999999999,-7.693453105156529,-8.101045804473188,-4.360574011276165,0.49318000965129927,2.2207788291261275
2016-02-01,431.59,15265025.0,6588232139.75,12603900000000.0,True,4455577764.73624,220257.57142857142,1234.4,0.8559482758620689,-7.556476520405663,-7.9476048272884565,-4.238521902155396,0.5696812161552178,1.7820375184381998
2016-03-01,413.74,15379475.0,6363103986.5,12661800000000.0,True,4365847871.123444,203665.0,1235.6,0.7922516129032258,-7.595828559199251,-7.97253245215935,-4.3243126200724955,0.4486723341059048,1.33855136438865
2016-04-01,445.29,15490950.0,6897965125.5,12743200000000.0,True,3956545678.2611403,214437.75,1290.5,0.8180933333333335,-7.521526616219354,-8.077381733861513,-4.279991774961713,0.5923901181632778,1.5034826944968422
2016-05-01,511.3,15606450.0,7979577885.0,12802000000000.0,True,4583408241.529174,219985.85714285713,1217.5,0.8074709677419354,-7.380471174255848,-7.9349138087846685,-4.26187631075276,0.753038358115225,1.4336601419085957
2016-06-01,630.19,15718075.0,9905373684.25,12852500000000.0,True,5908942833.07944,230605.0,1320.6,0.81628,-7.168216217660901,-7.684826686163701,-4.221860312847065,0.8107517145587645,1.4913445739032924
2016-07-01,655.54,15788600.0,10350058844.0,12911900000000.0,True,5131404338.021668,209080.5,1357.5,0.8173129032258065,-7.128912440640314,-7.830525273924512,-4.32432409433664,0.6061384732332237,1.4982471763421166
2016-08-01,571.5,15846712.5,9056396193.75,12989700000000.0,True,4979479047.551057,224625.2857142857,1311.4,0.7996193548387097,-7.268440744896033,-7.866586738070561,-4.256283727478993,0.7850076211364632,1.3839170244695298
2016-09-01,606.79,15903550.0,9650115104.5,13054900000000.0,True,3852224148.785465,227335.75,1317.1,0.7956300000000001,-7.209948977996252,-8.128268138725515,-4.247869634110057,0.7647350239538784,1.3592021771391156
2016-10-01,685.91,15960350.0,10947363668.5,13122800000000.0,True,4680610816.918209,244478.625,1273.1,0.8081838709677419,-7.089007787955183,-7.938677836514022,-4.178734918807503,0.6280153650189464,1.4382523438245207
2016-11-01,730.02,16016762.5,11692556960.25,13208700000000.0,True,5400441903.21858,276205.28571428574,1173.9,0.8416233333333334,-7.0296785002522855,-7.802150198227147,-4.0602467309999,0.6154638553593877,1.6703564044350643
2016-12-01,930.34,16075412.5,14955599265.25,13234900000000.0,True,6920469931.471833,281746.75,1151.7,0.8668645161290323,-6.785526796399758,-7.556128882413112,-4.044037591936259,0.6814998038051601,1.8735154116836568
2017-01-01,918.62,16136812.5,14823598698.75,13315700000000.0,True,8348968152.334732,278741.375,1211.4,0.8552967741935484,-6.8004786515867455,-7.374561112496946,-4.058574051022174,0.8100214348090871,1.776763586576353
2017-02-01,1150.37,16190000.0,18624490300.0,13394800000000.0,True,6218433037.62858,295141.14285714284,1253.9,0.8569321428571428,-6.578144453474657,-7.675103899120593,-4.004695354389545,0.964689173079177,1.7900396924167539
2017-03-01,1039.77,16247900.0,16894078983.0,13463600000000.0,True,10710063719.710962,281655.28571428574,1251.2,0.7643096774193548,-6.680781822071577,-7.136561192581284,-4.055035016513005,0.9089706478696233,1.1764542930837019
2017-04-01,1288.02,16303375.0,20999073067.5,13521700000000.0,True,9913351646.400484,285204.375,1268.3,0.6678533333333333,-6.467572784230976,-7.218168581658372,-4.045921392041921,1.0794879982745533,0.6984919501169649
2017-05-01,2177.38,16364025.0,35630700754.5,13568900000000.0,True,21698035237.839695,321986.5,1270.1,0.5175838709677419,-5.942328041413209,-6.438313973966749,-3.928330987592277,1.4066250344985805,0.07036450168086546
2017-06-01,2541.69,16419912.5,41734327402.125,13580500000000.0,True,21789613934.8766,269833.14285714284,1242.3,0.41618666666666665,-5.785066230032197,-6.434956788023212,-4.108446275578769,1.4556848104152154,-0.3384474194647826
2017-07-01,2656.53,16480987.5,43782237723.375,13643100000000.0,True,20737019942.15145,225900.125,1279.4,0.46237741935483884,-5.741760974599694,-6.489068672316919,-4.289869745968778,1.4585702702115573,-0.150775308424429
2017-08-01,4376.66,16536062.5,72372723301.25,13697700000000.0,True,31668125138.557766,272775.375,1330.4,0.4685709677419354,-5.243153736089743,-6.069672555631646,-4.104650226687144,2.0213922921142617,-0.1258820965189594
2017-09-01,4164.27,16596750.0,69113348122.5,13745100000000.0,True,26626154484.85774,247175.85714285713,1284.8,0.47653,-5.292689792734633,-6.2465436919225885,-4.206862116509818,1.9509427874997498,-0.09394904188923077
2017-10-01,5769.89,16656975.0,96108913482.75,13800100000000.0,True,32925054735.73549,296944.5,1277.3,0.5398806451612904,-4.966949053659011,-6.038197207430973,-4.027039073951774,2.12636826743076,0.15986216478099252
2017-11-01,9919.0,16711650.0,165762856350.0,13843500000000.0,True,74217266841.61385,304060.14285714284,1282.3,0.5638433333333333,-4.425012896609873,-5.22857425751213,-4.006635839797487,2.5208116561379876,0.25677492910929184
2017-12-01,12612.54,16774512.5,211569209886.75,13881700000000.0,True,116353233579.34785,369592.125,1309.3,0.5166451612903226,-4.183774526482879,-4.7816960237556065,-3.815215867592415,2.478643193821978,0.06660525743107727
2018-01-01,11431.37,16837700.0,192477978649.0,13900300000000.0,True,93527266469.68658,286798.75,1347.9,0.34475806451612906,-4.279683951064218,-5.001412687841249,-4.072594948618001,2.4144729555095203,-0.6421616258270776
2018-02-01,9699.76,16892312.5,163851377095.0,13949300000000.0,True,42554031444.03771,192312.14285714287,1305.2,0.3651928571428572,-4.444224827061645,-5.792410010206924,-4.475494119780207,2.091919921653869,-0.5528956509518153
2018-03-01,7950.61,16950500.0,134766814805.0,14012700000000.0,True,41238698744.28122,181887.5,1327.3,0.4297741935483871,-4.644173353050232,-5.828342234840628,-4.5346642468122,1.9752054075923073,-0.28277249457567116
2018-04-01,9398.4,17008125.0,159849162000.0,14035900000000.0,True,25179741023.27751,199597.2857142857,1306.8,0.41405000000000003,-4.475142979063476,-6.32333386859429,-4.445144684878239,1.9575293268567175,-0.34724772222490213
2018-05-01,7344.56,17067087.5,125350248169.0,14092400000000.0,True,33354756794.508644,197551.0,1299.3,0.37389354838709676,-4.72227911954664,-6.046190529247936,-4.4589104014044,1.193107563600067,-0.5155492802242905
2018-06-01,5878.14,17124587.5,100660722767.25,14137200000000.0,True,21220583355.291218,190533.85714285713,1254.5,0.39941000000000004,-4.944809218435004,-6.501593276407823,-4.498440668690003,0.8286385846401919,-0.40792404716935166
2018-07-01,8171.49,17182662.5,140407954792.125,14174600000000.0,True,23412193144.335815,200960.125,1227.6,0.44319032258064517,-4.614654761452641,-6.40594994830719,-4.448549654953737,1.1649606811552902,-0.22822418942966363
2018-08-01,6901.26,17242700.0,118996355802.0,14223200000000.0,True,20246764140.93339,217832.0,1206.7,0.5132774193548387,-4.783536844072347,-6.554634727927938,-4.371420020994319,0.5530084150109014,0.053122166300903016
2018-09-01,6628.66,17297937.5,114662146388.75,14245500000000.0,True,22748118485.94364,228910.14285714287,1196.2,0.5400266666666667,-4.8222063994512006,-6.43971390828888,-4.325013016446157,0.5363148805894681,0.1604500042668195
2018-10-01,6301.61,17352675.0,109349790306.75,14256600000000.0,True,23359647388.43628,240589.75,1238.6,0.5331,-4.870423406879829,-6.413965173194026,-4.278408751360713,0.1189189056355523,0.1325939218518241
2018-11-01,3828.45,17401050.0,66619049872.5,14282800000000.0,True,24925137885.08834,267068.375,1226.0,0.5295000000000001,-5.36782072433608,-6.350934447271952,-4.176781116451418,-0.9070935852543324,0.11813720601602724
2018-12-01,3770.36,17455737.5,65814414440.5,14386800000000.0,True,17575230355.772007,265286.5714285714,1283.0,0.5363774193548387,-5.38722751971616,-6.707575853876722,-4.18661302684049,-1.1872295118963636,0.14576723641559725
2019-01-01,3470.0,17512300.0,60767681000.0,14459700000000.0,True,20180110246.24045,291889.25,1322.1,0.5225774193548387,-5.47206266346688,-6.5744232705553,-4.094284320664858,-1.1728802924546382,0.0903711318757808
2019-02-01,3833.23,17563862.5,67326324650.875,14506300000000.0,True,15333372009.005312,340981.14285714284,1299.2,0.5259071428571429,-5.372787002835,-6.852306686662746,-3.9417716269228276,-0.9237857578074269,0.10372145900731751
2019-03-01,4048.51,17620737.5,71337731976.125,14557500000000.0,True,16344007628.952679,307595.0,1298.5,0.5107774193548387,-5.318436216041926,-6.79200027942216,-4.048047771836955,-0.6529626915614559,0.04311635569227684
2019-04-01,5301.29,17674962.5,93700101951.625,14594700000000.0,True,21784018487.457817,361149.28571428574,1284.2,0.5230400000000001,-5.048314450784289,-6.507237124049874,-3.8906129624358705,-0.5551438304867616,0.09222531304613937
2019-05-01,8272.46,17733975.0,146703598828.49997,14704400000000.0,True,37976266905.96265,376046.75,1311.1,0.5663483870967743,-4.607487830967856,-5.958940638203152,-3.853524099450211,0.10993120075319172,0.26696793726147205
2019-06-01,11132.85,17790462.5,198058550443.125,14802800000000.0,True,45225126455.686646,357851.75,1413.7,0.57346,-4.314008934757511,-5.790918803624287,-3.90629898358367,0.5191865177938704,0.29598203780101046
2019-07-01,9501.33,17850087.5,169599571866.375,14886800000000.0,True,43236703299.493195,337924.4285714286,1432.4,0.6412677419354839,-4.474789994264783,-5.841540445299529,-3.9669414027803884,-0.0035097933559871397,0.5808707528594125
2019-08-01,9577.99,17908537.5,171527793089.625,14974400000000.0,True,35651398515.06664,327460.375,1529.4,0.679758064516129,-4.469352043095479,-6.040308980277998,-4.001665778040353,0.09077761370207274,0.7526601888662304
2019-09-01,8193.9,17966475.0,147215499502.5,15047000000000.0,True,46706632594.305504,335200.0,1489.0,0.6890166666666667,-4.627036418474,-5.77504773459471,-3.9815354316606233,-0.00696758523167848,0.7955261401927769
2019-10-01,9433.35,18023025.0,170017502883.75,15184100000000.0,True,31770977424.180485,316713.14285714284,1511.4,0.66538,-4.492102716817754,-6.169450893266092,-4.041408934033746,0.20439146237703085,0.6873627463946288
2019-11-01,7163.63,18076100.0,129490492243.0,15296000000000.0,True,33035032656.3479,306652.25,1472.7,0.6618733333333334,-4.771739175819867,-6.137778041271972,-4.0766315333128915,0.44321620096362446,0.6716536195215064
2019-12-01,7301.07,18133637.5,132394956742.125,15347500000000.0,True,25434706017.958702,302067.0,1523.1,0.6725290322580646,-4.75291832159579,-6.4025932532632215,-4.094875070858825,0.4893037791327218,0.7196458781585287
2020-01-01,9279.81,18192850.0,168826191358.5,15427100000000.0,True,38206159833.31333,311702.4285714286,1552.4,0.6698133333333334,-4.515011249930741,-6.000884227338859,-4.066734960616016,0.8231057395131118,0.7073409154988948
2020-02-01,8785.52,18244775.0,160289835658.0,15493400000000.0,True,55392791542.75344,331446.75,1566.7,0.6321586206896552,-4.571185756416333,-5.6337199370438675,-4.008166853409898,0.6421743158834566,0.5414885339958962
2020-03-01,5885.41,18297962.5,107691011477.125,16033000000000.0,True,36679529129.65393,297881.14285714284,1596.6,0.6440677419354839,-5.0031382554033,-6.08018556713341,-4.117850436361952,0.16746087863408754,0.5930634835034966
2020-04-01,7699.27,18354375.0,141315288806.25,17065300000000.0,True,29989856224.473946,288026.5,1694.2,0.6427466666666666,-4.7938089561558614,-6.343943242394213,-4.154570754891988,0.09610063536459867,0.5873055127824034
2020-05-01,9569.21,18390887.5,175986264573.87497,17932900000000.0,True,51494076646.3064,291962.5,1751.7,0.6641387096774193,-4.62398634382224,-5.852925509142847,-4.142985206994171,-0.14410153853333205,0.6817927794704107
2020-06-01,9185.35,18419318.75,169187889480.3125,18184300000000.0,True,39069790808.77514,307957.71428571426,1800.5,0.6434266666666666,-4.677303993981486,-6.142964308631218,-4.0911928426010045,-0.4341443968663995,0.5902681381281947
2020-07-01,11042.4,18448000.0,203710195200.0,18335400000000.0,True,41186245313.48653,335782.75,1985.9,0.6179129032258064,-4.4998905244120495,-6.098484547465764,-4.0062468690478905,-0.17641023302601946,0.48069892958933774
2020-08-01,11534.75,18476256.25,213118996779.6875,18411200000000.0,True,43635211099.063965,322206.0,1978.6,0.5865774193548388,-4.458863774030767,-6.044850035627557,-4.049050648254915,-0.0716175619173341,0.3498343941529128
2020-09-01,10840.8,18504575.0,200604396660.0,18602500000000.0,True,45435260759.18478,306405.4285714286,1895.5,0.5614033333333334,-4.529716466436409,-6.014762786970667,-4.100864122811615,0.03854891675552233,0.24685936543155704
2020-10-01,13651.47,18530831.25,252973086884.4375,18757600000000.0,True,47154791507.63482,292236.75,1879.9,0.5907258064516129,-4.306071175488168,-5.985918656046922,-4.149626916531487,0.15141371504299064,0.3669666299752799
2020-11-01,17732.42,18558743.75,329091438847.37494,18997000000000.0,True,82636690269.54387,301273.14285714284,1780.9,0.6329633333333333,-4.055700709167682,-5.437582576917006,-4.1206790135493305,0.7163563631036874,0.5449507430051836
2020-12-01,28856.59,18586956.25,536356175854.1875,19115700000000.0,True,117873567869.41406,309679.125,1895.1,0.6462548387096774,-3.5734668183408336,-5.088652674605514,-4.094678656041806,1.155793601039524,0.6026171426270255
2021-01-01,30419.17,18615925.0,566280987282.25,19379000000000.0,True,169698011770.56155,331896.0,1850.3,0.6595483870967742,-3.5328548855490287,-4.737924828497534,-4.026951009351109,1.0116862617342832,0.6612823293513462
2021-02-01,50624.84,18641425.0,943719157996.9999,19641800000000.0,True,195684016265.94586,313468.28571428574,1728.8,0.6031928571428572,-3.0355866076422378,-4.608914031012709,-4.085443340855542,1.6528814234431402,0.4187865986161923
2021-03-01,55783.71,18670143.75,1041489884608.3125,19873200000000.0,True,201901668155.36423,303629.875,1715.6,0.5942741935483871,-2.948719821059577,-4.589346581813674,-4.11887149284051,2.1771189789163086,0.3816632402756806
2021-04-01,53584.15,18695600.0,1001787834740.0,20175300000000.0,True,258109418557.9914,269058.14285714284,1767.7,0.5188433333333333,-3.0026728454681617,-4.358830764962733,-4.241115980342689,1.897659182676095,0.07540904764064012
2021-05-01,38445.29,18723243.75,719820535709.4375,20458800000000.0,True,246755210309.01212,246414.0,1905.3,0.4233516129032258,-3.347166461777629,-4.417771592927852,-4.330507964037314,1.3066328077566711,-0.30902962970653286
2021-06-01,34456.67,18745362.5,645902769692.875,20477000000000.0,True,109060168959.48767,213407.0,1771.6,0.4300433333333333,-3.4564086029052614,-5.235157845317591,-4.475500526894322,1.3382740801439754,-0.2816743557429307
2021-07-01,42214.15,18772675.0,792472518351.25,20633200000000.0,True,91568082354.91605,220789.25,1817.2,0.44618709677419355,-3.2594988799572944,-5.4175739428964835,-4.442949007453839,1.4297884213532943,-0.21608854634963365
2021-08-01,49056.86,18802950.0,922413685737.0,20840600000000.0,True,116915846851.19855,239704.75,1818.1,0.43387741935483876,-3.117664480299404,-5.183203867914018,-4.362361093720595,1.5322133394623962,-0.2660485780097755
2021-09-01,41011.16,18830950.0,772279103402.0001,20981000000000.0,True,108141642735.0989,253299.2857142857,1757.0,0.4042766666666667,-3.3020265276650522,-5.267930670599847,-4.308685334702158,1.4064022775308134,-0.38767689141009865
2021-10-01,61731.29,18860212.5,1164265247299.125,21160600000000.0,True,162509041169.96957,281465.5,1783.9,0.4322451612903226,-2.900050762939557,-4.869162602766652,-4.204799941013744,1.561360330666555,-0.27269677329351805
2021-11-01,54801.15,18887568.75,1035060488204.0625,21335700000000.0,True,171134842827.404,277278.625,1776.5,0.4068966666666667,-3.02592185831959,-4.8256852047174945,-4.221236379479222,1.1307902945623913,-0.37680937606348397
2021-12-01,46408.87,18916243.75,877881497082.0625,21498700000000.0,True,161322902634.0888,254818.85714285713,1828.6,0.3851166666666666,-3.198236131800252,-4.892339784307457,-4.307223361012821,0.5108731758517565,-0.4678862292274128
2022-01-01,37918.62,18945362.5,718382001399.75,21650000000000.0,True,138270887847.72226,246287.75,1796.4,0.3821193548387097,-3.4057592704873563,-5.053546016934631,-4.342813889810461,0.24993240841584347,-0.4805623009717013
2022-02-01,37704.56,18970968.75,715292029492.5,21724800000000.0,True,111979274349.76581,249761.2857142857,1900.7,0.3952035714285714,-3.413518851942672,-5.2678959403847,-4.330159524547219,-0.3894560360453255,-0.42549091685955936
2022-03-01,46858.53,18999356.25,890281904821.3125,21786900000000.0,True,139279439456.87564,255837.5,1951.1,0.40078387096774193,-3.197525991160058,-5.052581879848195,-4.307617898690069,-0.3029792711658758,-0.402200042586847
2022-04-01,39770.04,19026968.75,756703308266.25,21769400000000.0,True,108620942821.75708,260239.0,1891.3,0.38854827586206897,-3.359289347328851,-5.300396360414737,-4.292012220085262,-0.365724607141242,-0.45341858110331357
2022-05-01,31715.58,19054937.5,604338394676.25,21719200000000.0,True,157528597256.658,262236.75,1845.2,0.41443225806451617,-3.581817643820544,-4.926344929289605,-4.285833811632428,-0.1603763451108769,-0.34567234490169907
2022-06-01,20702.23,19081800.0,395035812414.0,21651100000000.0,True,136662941048.18015,257529.875,1807.3,0.4230533333333334,-4.003835115323425,-5.065293930418431,-4.305354547383682,-0.5294120945071754,-0.3102515754870693
2022-07-01,23792.0,19108931.25,454639692300.0,21652500000000.0,True,97532504168.18678,251157.14285714287,1754.4,0.4006677419354838,-3.8633709800157887,-5.402690501674891,-4.331832299060318,-0.5382361463962859,-0.4026836221310447
2022-08-01,19793.02,19137975.0,378798321934.5,21638900000000.0,True,69635854970.24602,247733.875,1716.9,0.3825677419354839,-4.045243968524513,-5.738968307564742,-4.347074774716777,-0.8503790225823433,-0.4786636182600216
2022-09-01,19104.89,19165306.25,366151067722.5625,21536700000000.0,True,64977439874.927605,256891.375,1663.6,0.3726366666666667,-4.074467734048457,-5.803473604828365,-4.3122036271600015,-0.7092760212423235,-0.5209219908882206
2022-10-01,20816.16,19194950.0,399565150392.0,21461400000000.0,True,54341757899.732124,257123.42857142858,1640.7,0.37923870967741935,-3.983634419968204,-5.978718298219826,-4.312846266167571,-1.003382326772047,-0.49278076476528304
2022-11-01,16453.47,19221087.5,316253586548.625,21406300000000.0,True,96862668191.80286,262799.5,1753.2,0.36607999999999996,-4.214896169365691,-5.39814636672227,-4.2923718785882174,-1.1899723350033786,-0.5490708747588079
2022-12-01,16539.28,19248668.75,318359122083.5,21290800000000.0,True,52116723359.45187,254060.75,1826.0,0.375,-4.2028502731964945,-6.012544450468037,-4.327623769830873,-1.0303295823667211,-0.5108256237659907
2023-01-01,23755.85,19278206.25,457970175944.0625,21279400000000.0,True,63654184037.10057,283264.14285714284,1936.6,0.39292580645161285,-3.838690683601509,-5.812029689658046,-4.220350697697122,-0.5427626643440157,-0.43503020709682955
2023-02-01,23563.11,19304512.5,454874351533.875,21242600000000.0,True,57480978952.01035,305518.85714285716,1836.7,0.40269285714285724,-3.843742648071068,-5.912309786168418,-4.146082653638991,-0.43584693235707916,-0.3942573279574565
2023-03-01,28033.06,19333725.0,541983472948.5,20946700000000.0,True,98119846910.27332,328765.0,1988.5,0.4238322580645162,-3.654500886783486,-5.363546735883786,-4.07426304944843,-0.5327358041550865,-0.3070610777557337
2023-04-01,29480.35,19360656.25,570758922479.6875,20761300000000.0,True,76236653632.66933,371684.5,1999.0,0.4441433333333334,-3.593879037551902,-5.607003589901563,-3.952952881329027,-0.35477255750177755,-0.22436313409209807
2023-05-01,27744.66,19389481.25,537954564857.625,20829600000000.0,True,68031183190.441505,495315.71428571426,1973.1,0.4470548387096775,-3.656356226340126,-5.724164154606007,-3.667290628503353,-0.2007828908442731,-0.21257756199887468
2023-06-01,30266.7,19416437.5,587671488881.25,20799200000000.0,True,101139799652.6276,396537.625,1917.9,0.4622633333333333,-3.5665017040182243,-5.326166088652969,-3.8911043507301084,0.3204098557233996,-0.1512342588996513
2023-07-01,29316.12,19444568.75,570039310823.25,20791100000000.0,True,86576717853.0969,462497.25,1979.6,0.47189354838709685,-3.5965749646981764,-5.4812493570446446,-3.7386824574172834,0.08802025969124992,-0.11254444921737557
2023-08-01,27731.23,19472825.0,540005388824.75,20777000000000.0,True,87352174407.38307,437635.5714285714,1947.0,0.46560967741935483,-3.6500227658311664,-5.471653955330665,-3.7953886475124,0.21146047735143522,-0.13777883207845318
2023-09-01,26212.82,19500487.5,511162768749.75,20747600000000.0,True,63788342282.79705,456284.375,1869.5,0.46941000000000005,-3.7034977869920023,-5.7846154055040815,-3.7550784997149895,0.19961719429395716,-0.12251300795519682
2023-10-01,34090.68,19529681.25,665780113995.75,20733100000000.0,True,84023304182.44106,317763.5,1994.3,0.49140645161290325,-3.43852727911623,-5.508392544866674,-4.118383307294625,0.2981242934754318,-0.03437757881821682
2023-11-01,37867.37,19557418.75,740588012051.1875,20746600000000.0,True,122057776948.62091,618014.4285714285,2047.6,0.4982666666666667,-3.332693175269277,-5.13564314263641,-3.454598164746034,0.6783277081359027,-0.006933361107953319
2023-12-01,43470.76,19586162.5,851425369358.5,20777900000000.0,True,142262361552.39435,544787.5,2083.5,0.4973516129032258,-3.194733350659688,-4.983972231412729,-3.582182790616519,0.834428980648396,-0.010593647458982261
2024-01-01,42030.81,19614425.0,824410170434.25,20843700000000.0,True,233244136515.81937,447516.5,2057.4,0.48781290322580645,-3.2301388375830626,-4.492721322078918,-3.7803071353701476,0.5100649133210625,-0.04875804436634245
2024-02-01,51727.76,19641268.75,1015998835995.5,20926700000000.0,True,189810726465.75827,356474.28571428574,2054.7,0.4942689655172414,-3.0251536521264852,-4.702753735439635,-4.009126072708278,0.6741528591139717,-0.02292514192714116
2024-03-01,70754.69,19669781.25,1391729274711.5625,20973400000000.0,True,348500949378.95386,373741.5,2201.4,0.49832903225806446,-2.712707911716979,-4.097369292755346,-3.963274408353459,0.8241213601713895,-0.006683895850919554
2024-04-01,63832.72,19692412.5,1257020253237.0,20959600000000.0,True,242889351719.97296,486373.85714285716,2302.9,0.5096133333333333,-2.813852733462585,-4.457746057358999,-3.7010111066944997,0.6310198290912077,0.03845807266467477
2024-05-01,69374.17,19706193.75,1367100835265.4375,21020600000000.0,True,186130442082.85855,570388.125,2354.7,0.510483870967742,-2.7328105903532722,-4.726810458830194,-3.5423712187052683,0.7396637979630881,0.04194163108467808
2024-06-01,60315.67,19719253.125,1189379964133.9688,21068400000000.0,True,189227372816.17233,498774.0,2336.6,0.51344,-2.874342154788222,-4.712580243791791,-3.6771976661065073,0.49207779520111566,0.05377295343249221
2024-07-01,66180.0,19733978.125,1305994672312.5,21095300000000.0,True,244124365867.6595,689082.625,2438.5,0.518525806451613,-2.7820853154019196,-4.459127754215632,-3.3547360229255663,0.6057524750379881,0.07413716394547085
2024-08-01,59466.82,19747821.875,1174340168832.6875,21186700000000.0,True,187982311171.99597,582048.875,2536.7,0.5389129032258064,-2.8926671948928573,-4.724781036405262,-3.524244057568583,0.49828499767945955,0.15596701304201577
2024-09-01,65888.5,19761143.75,1302032119971.875,21269500000000.0,True,162374714725.7204,567940.7142857143,2647.9,0.5413766666666667,-2.793347908449239,-4.875122682526982,-3.5494558146957504,0.573619457806066,0.16588602949304201
2024-10-01,72329.87,19776021.875,1430397091335.9062,21331900000000.0,True,228269816889.59183,650391.0,2749.3,0.5494709677419355,-2.7022515129613702,-4.537430547226191,-3.414651745896076,0.4311599281475616,0.19853341899735294
2024-11-01,95956.99,19789656.25,1898955846884.6875,21452200000000.0,True,401481632086.88434,554792.75,2652.3,0.5624733333333334,-2.4245230233763695,-3.978420699085993,-3.5743200479788513,0.6710514663566332,0.2512060692263006
2024-12-01,93536.42,19803934.375,1852389123352.4375,21485800000000.0,True,366574962166.92145,404968.14285714284,2618.1,0.5356290322580645,-2.4509160278586237,-4.070944495140095,-3.8898274983506065,0.5378626590239302,0.14275808521947175
2025-01-01,104743.97,19817790.625,2075794066691.2812,21548100000000.0,True,242900935261.37415,389102.625,2845.2,0.5474161290322581,-2.339943882388367,-4.485389238194108,-3.9304922033670784,0.5889257565704622,0.19023616480414005
2025-02-01,84645.86,19830575.0,1678576075169.5,21613400000000.0,True,256796066924.68243,413605.85714285716,2895.9,0.5784892857142857,-2.555367632993231,-4.432786515707811,-3.8700667330989544,0.14931552714848384,0.316574829117902
2025-03-01,87187.77,19844765.625,1730220861016.4062,21693600000000.0,True,241088077418.42374,390503.0,3150.3,0.5842870967741937,-2.528768220481608,-4.4996102319617695,-3.928259903159139,-0.14955892008461139,0.34039758056490327
2025-04-01,94998.2,19858340.625,1886506614361.875,21775800000000.0,True,243071988647.8222,422066.4285714286,3319.1,0.6061566666666667,-2.4460724948723858,-4.49519689137903,-3.8512166651588373,0.03206756893206342,0.4311852794218099
2025-05-01,104027.67,19872803.125,2067321405462.4688,21833900000000.0,True,288532580422.267,352123.875,3343.9,0.6076548387096774,-2.3572100455304907,-4.326411076838435,-4.033124367518686,0.054417853765191315,0.43746505541155606
2025-06-01,107110.33,19885796.875,2129974265594.2188,21938700000000.0,True,193838735226.40274,362265.625,3307.7,0.6171766666666667,-2.3321423028170494,-4.7289809279127395,-4.005383317549469,0.226711284903319,0.47758170254041815
2025-07-01,117925.55,19900090.625,2346729132002.9688,22020400000000.0,True,385022686636.2753,406210.4285714286,3348.6,0.6016290322580645,-2.238946796534982,-4.046422316536268,-3.8916082424161043,0.26051593877499146,0.4122573789574735
2025-08-01,108790.79,19914428.125,2166506368116.9685,22087100000000.0,True,294347787935.52,449491.125,3512.0,0.568116129032258,-2.321877826140705,-4.317986986309647,-3.791083669854743,0.2786865181044063,0.2741691154431759
2025-09-01,109688.85,19928562.5,2185941102778.125,22170400000000.0,True,280169542824.1163,511361.0,3873.2,0.5516241379310345,-2.3167116193931476,-4.371118414839119,-3.662833484454065,0.12936963608088714,0.20723504630535838
2025-10-01,110068.52,19942759.375,2195070009122.375,22245100000000.0,True,434970059094.54425,475852.0,4013.3,0.5626709677419355,-2.315907818805046,-3.9345998395701614,-3.7355145363286972,0.041598385705769736,0.25200918453789856
2025-11-01,90517.55,19956062.5,1806373885146.875,22277300000000.0,True,415009185526.5057,444186.0,4254.9,0.5632066666666666,-2.5122467653372325,-3.983022847993966,-3.8050448672370707,-0.5310003875747392,0.254186480096027
2025-12-01,87835.12,19969815.625,1754051151799.75,22353400000000.0,True,284621108684.992,460576.875,4357.1,0.5622387096774194,-2.5450503783028773,-4.363574861187018,-3.769497413894847,-0.5722472930949661,0.2502527474816525
2026-01-01,84563.4,19982943.75,1689825665508.75,22429300000000.0,True,297248171967.6254,393736.25,4745.1,0.5625967741935484,-2.585742772731546,-4.323556033086536,-3.926953107289486,-0.7254965854011259,0.2517076791185597
2026-02-01,67470.73,19996190.625,1349157578687.9062,22626900000000.0,True,189158094289.32443,476393.14285714284,5267.2,0.5583857142857143,-2.819659082075879,-4.784311599814315,-3.7370536219338835,-0.8249852944336135,0.23461312348556285
2026-03-01,66694.46,20009781.25,1334541555186.8752,22686200000000.0,True,192593049772.03088,465050.14285714284,4678.6,0.5583225806451613,-2.8331689815868293,-4.768932676711315,-3.761831261608981,-0.6634434112634251,0.23435710169469948
2026-04-01,77373.46,20022965.625,1549246129867.3127,22804500000000.0,True,191629951604.65646,586471.25,4614.7001953125,0.5595075781659408,-2.6891894401184446,-4.779146986954386,-3.530511527731281,-0.5347673572230836,0.23916383051943138
2026-05-01,73372.1,20037231.25,1470173734998.125,23052300000000.0,True,162011910702.22003,655019.625,4560.5,0.5606543499602435,-2.75238496666426,-4.957850971144133,-3.4206821874575555,-0.6594076432466829,0.24381812266398437
2026-06-01,60023.84,20050440.625,1203504440004.5,23052300000000.0,False,165349546133.21295,678305.8571428572,4022.89990234375,0.561839347481023,-2.9525278800672767,-4.937459131988336,-3.3864081058547537,-0.7748675355782342,0.2486303207539472
2026-07-01,63790.67,20058887.5,1279569873079.625,23052300000000.0,False,166691818879.73087,649605.8,4012.300048828125,0.5640957959102954,-2.891241562742904,-4.929374114880851,-3.4300618839748753,-0.7952688588348303,0.25780158416231996
