date,value
2009-01-17,109.0
2009-01-21,105.0
2009-01-25,192.0
2009-01-29,122.0
2009-02-02,129.0
2009-02-06,122.0
2009-02-10,120.0
2009-02-14,136.0
2009-02-18,118.0
2009-02-22,125.0
2009-02-26,107.0
2009-03-02,108.0
2009-03-06,117.0
2009-03-10,107.0
2009-03-14,110.0
2009-03-18,116.0
2009-03-22,120.0
2009-03-26,118.0
2009-03-30,120.0
2009-04-03,116.0
2009-04-07,100.0
2009-04-11,121.0
2009-04-15,113.0
2009-04-19,120.0
2009-04-23,75.0
2009-04-27,104.0
2009-05-01,121.0
2009-05-05,136.0
2009-05-09,77.0
2009-05-13,116.0
2009-05-17,127.0
2009-05-21,82.0
2009-05-25,109.0
2009-05-29,107.0
2009-06-02,110.0
2009-06-06,27.0
2009-06-10,82.0
2009-06-14,72.0
2009-06-18,80.0
2009-06-22,77.0
2009-06-26,90.0
2009-06-30,86.0
2009-07-04,89.0
2009-07-08,74.0
2009-07-12,77.0
2009-07-16,71.0
2009-07-20,71.0
2009-07-24,73.0
2009-07-28,41.0
2009-08-01,28.0
2009-08-05,87.0
2009-08-09,101.0
2009-08-13,85.0
2009-08-17,17.0
2009-08-21,13.0
2009-08-25,51.0
2009-08-29,78.0
2009-09-02,65.0
2009-09-06,68.0
2009-09-10,67.0
2009-09-14,74.0
2009-09-18,78.0
2009-09-22,27.0
2009-09-26,100.0
2009-09-30,85.0
2009-10-04,53.0
2009-10-08,70.0
2009-10-12,59.0
2009-10-16,61.0
2009-10-20,96.0
2009-10-24,63.0
2009-10-28,67.0
2009-11-01,25.0
2009-11-05,58.0
2009-11-09,64.0
2009-11-13,83.0
2009-11-17,92.0
2009-11-21,73.0
2009-11-25,90.0
2009-11-29,60.0
2009-12-03,88.0
2009-12-07,112.0
2009-12-11,112.0
2009-12-15,112.0
2009-12-19,199.0
2009-12-23,154.0
2009-12-27,168.0
2009-12-31,138.0
2010-01-04,183.0
2010-01-08,153.0
2010-01-12,161.0
2010-01-16,126.0
2010-01-20,158.0
2010-01-24,155.0
2010-01-28,179.0
2010-02-01,193.0
2010-02-05,227.0
2010-02-09,210.0
2010-02-13,235.0
2010-02-17,250.0
2010-02-21,227.0
2010-02-25,158.0
2010-03-01,199.0
2010-03-05,173.0
2010-03-09,148.0
2010-03-13,154.0
2010-03-17,139.0
2010-03-21,190.0
2010-03-25,202.0
2010-03-29,207.0
2010-04-02,161.0
2010-04-06,174.0
2010-04-10,298.0
2010-04-14,223.0
2010-04-18,3351.0
2010-04-22,199.0
2010-04-26,211.0
2010-04-30,170.0
2010-05-04,177.0
2010-05-08,182.0
2010-05-12,158.0
2010-05-16,134.0
2010-05-20,237.0
2010-05-24,250.0
2010-05-28,277.0
2010-06-01,183.0
2010-06-05,190.0
2010-06-09,220.0
2010-06-13,238.0
2010-06-17,204.0
2010-06-21,242.0
2010-06-25,210.0
2010-06-29,264.0
2010-07-03,286.0
2010-07-07,218.0
2010-07-11,353.0
2010-07-15,1329.0
2010-07-19,528.0
2010-07-23,411.0
2010-07-27,426.0
2010-07-31,295.0
2010-08-04,439.0
2010-08-08,391.0
2010-08-12,392.0
2010-08-16,453.0
2010-08-20,423.0
2010-08-24,379.0
2010-08-28,339.0
2010-09-01,380.0
2010-09-05,311.0
2010-09-09,324.0
2010-09-13,436.0
2010-09-17,361.0
2010-09-21,810.0
2010-09-25,532.0
2010-09-29,975.0
2010-10-03,377.0
2010-10-07,340.0
2010-10-11,342.0
2010-10-15,328.0
2010-10-19,924.0
2010-10-23,517.0
2010-10-27,568.0
2010-10-31,307.0
2010-11-04,342.0
2010-11-08,515.0
2010-11-12,286.0
2010-11-16,9105.0
2010-11-20,9731.0
2010-11-24,3936.0
2010-11-28,454.0
2010-12-02,460.0
2010-12-06,465.0
2010-12-10,373.0
2010-12-14,637.0
2010-12-18,499.0
2010-12-22,659.0
2010-12-26,584.0
2010-12-30,593.0
2011-01-03,1128.0
2011-01-07,1020.0
2011-01-11,1362.0
2011-01-15,962.0
2011-01-19,917.0
2011-01-23,1081.0
2011-01-27,841.0
2011-01-31,1393.0
2011-02-04,954.0
2011-02-08,846.0
2011-02-12,1912.0
2011-02-16,2090.0
2011-02-20,1939.0
2011-02-24,2109.0
2011-02-28,1720.0
2011-03-04,1982.0
2011-03-08,2440.0
2011-03-12,2956.0
2011-03-16,3183.0
2011-03-20,4076.0
2011-03-24,2164.0
2011-03-28,2931.0
2011-04-01,1579.0
2011-04-05,2119.0
2011-04-09,1733.0
2011-04-13,2371.0
2011-04-17,2257.0
2011-04-21,1915.0
2011-04-25,2592.0
2011-04-29,3534.0
2011-05-03,2935.0
2011-05-07,3887.0
2011-05-11,3090.0
2011-05-15,3770.0
2011-05-19,4663.0
2011-05-23,5745.0
2011-05-27,4853.0
2011-05-31,6063.0
2011-06-04,8811.0
2011-06-08,11815.0
2011-06-12,12440.0
2011-06-16,12746.0
2011-06-20,11225.0
2011-06-24,10922.0
2011-06-28,10719.0
2011-07-02,8018.0
2011-07-06,10519.0
2011-07-10,8392.0
2011-07-14,8716.0
2011-07-18,8976.0
2011-07-22,8991.0
2011-07-26,8370.0
2011-07-30,6209.0
2011-08-03,7737.0
2011-08-07,6710.0
2011-08-11,7596.0
2011-08-15,8379.0
2011-08-19,7614.0
2011-08-23,7277.0
2011-08-27,6361.0
2011-08-31,7292.0
2011-09-04,7258.0
2011-09-08,6497.0
2011-09-12,6575.0
2011-09-16,6209.0
2011-09-20,8145.0
2011-09-24,5728.0
2011-09-28,6017.0
2011-10-02,5035.0
2011-10-06,5912.0
2011-10-10,5882.0
2011-10-14,6111.0
2011-10-18,4863.0
2011-10-22,5114.0
2011-10-26,5272.0
2011-10-30,4878.0
2011-11-03,6253.0
2011-11-07,5496.0
2011-11-11,4733.0
2011-11-15,6106.0
2011-11-19,4724.0
2011-11-23,5598.0
2011-11-27,5061.0
2011-12-01,6352.0
2011-12-05,6237.0
2011-12-09,5588.0
2011-12-13,5406.0
2011-12-17,4823.0
2011-12-21,5577.0
2011-12-25,5286.0
2011-12-29,5212.0
2012-01-02,5410.0
2012-01-06,6644.0
2012-01-10,6677.0
2012-01-14,6807.0
2012-01-18,6647.0
2012-01-22,5325.0
2012-01-26,6598.0
2012-01-30,6153.0
2012-02-03,7050.0
2012-02-07,7012.0
2012-02-11,7679.0
2012-02-15,9337.0
2012-02-19,5958.0
2012-02-23,8014.0
2012-02-27,6735.0
2012-03-02,7645.0
2012-03-06,6368.0
2012-03-10,5370.0
2012-03-14,6895.0
2012-03-18,6039.0
2012-03-22,6587.0
2012-03-26,6619.0
2012-03-30,6828.0
2012-04-03,7739.0
2012-04-07,6080.0
2012-04-11,7858.0
2012-04-15,7371.0
2012-04-19,7900.0
2012-04-23,7104.0
2012-04-27,7195.0
2012-05-01,10208.0
2012-05-05,12998.0
2012-05-09,17245.0
2012-05-13,14737.0
2012-05-17,16935.0
2012-05-21,31604.0
2012-05-25,28999.0
2012-05-29,29816.0
2012-06-02,12800.0
2012-06-06,15937.0
2012-06-10,40721.0
2012-06-14,61938.0
2012-06-18,39071.0
2012-06-22,23565.0
2012-06-26,30235.0
2012-06-30,22618.0
2012-07-04,23164.0
2012-07-08,20799.0
2012-07-12,24303.0
2012-07-16,31379.0
2012-07-20,36794.0
2012-07-24,28369.0
2012-07-28,35230.0
2012-08-01,30538.0
2012-08-05,33283.0
2012-08-09,29942.0
2012-08-13,48872.0
2012-08-17,40554.0
2012-08-21,42415.0
2012-08-25,33439.0
2012-08-29,34209.0
2012-09-02,33588.0
2012-09-06,42790.0
2012-09-10,33632.0
2012-09-14,36118.0
2012-09-18,32821.0
2012-09-22,22014.0
2012-09-26,32413.0
2012-09-30,20668.0
2012-10-04,31955.0
2012-10-08,38211.0
2012-10-12,28693.0
2012-10-16,34533.0
2012-10-20,30699.0
2012-10-24,32194.0
2012-10-28,17965.0
2012-11-01,23638.0
2012-11-05,32184.0
2012-11-09,25157.0
2012-11-13,27131.0
2012-11-17,32538.0
2012-11-21,39066.0
2012-11-25,36736.0
2012-11-29,37423.0
2012-12-03,21659.0
2012-12-07,32145.0
2012-12-11,36779.0
2012-12-15,32365.0
2012-12-19,44765.0
2012-12-23,36738.0
2012-12-27,43787.0
2012-12-31,30064.0
2013-01-04,48589.0
2013-01-08,38624.0
2013-01-12,45671.0
2013-01-16,53629.0
2013-01-20,41371.0
2013-01-24,46221.0
2013-01-28,52180.0
2013-02-01,59382.0
2013-02-05,53420.0
2013-02-09,57750.0
2013-02-13,59090.0
2013-02-17,49635.0
2013-02-21,55916.0
2013-02-25,67144.0
2013-03-01,64535.0
2013-03-05,56868.0
2013-03-09,55546.0
2013-03-13,56690.0
2013-03-17,35348.0
2013-03-21,55564.0
2013-03-25,48993.0
2013-03-29,62259.0
2013-04-02,63276.0
2013-04-06,51718.0
2013-04-10,63881.0
2013-04-14,55471.0
2013-04-18,46631.0
2013-04-22,47194.0
2013-04-26,55264.0
2013-04-30,47599.0
2013-05-04,50493.0
2013-05-08,50439.0
2013-05-12,65428.0
2013-05-16,61158.0
2013-05-20,48821.0
2013-05-24,55401.0
2013-05-28,57070.0
2013-06-01,54311.0
2013-06-05,56560.0
2013-06-09,44471.0
2013-06-13,43193.0
2013-06-17,45943.0
2013-06-21,47027.0
2013-06-25,44629.0
2013-06-29,36545.0
2013-07-03,35531.0
2013-07-07,30356.0
2013-07-11,43434.0
2013-07-15,36754.0
2013-07-19,36759.0
2013-07-23,38432.0
2013-07-27,37643.0
2013-07-31,49524.0
2013-08-04,42946.0
2013-08-08,58022.0
2013-08-12,50228.0
2013-08-16,71119.0
2013-08-20,63228.0
2013-08-24,51817.0
2013-08-28,64747.0
2013-09-01,46598.0
2013-09-05,60730.0
2013-09-09,57676.0
2013-09-13,44834.0
2013-09-17,67931.0
2013-09-21,52498.0
2013-09-25,54548.0
2013-09-29,41181.0
2013-10-03,59551.0
2013-10-07,44547.0
2013-10-11,51922.0
2013-10-15,55826.0
2013-10-19,55311.0
2013-10-23,55314.0
2013-10-27,43691.0
2013-10-31,58181.0
2013-11-04,45523.0
2013-11-08,59223.0
2013-11-12,58307.0
2013-11-16,47175.0
2013-11-20,77558.0
2013-11-24,60861.0
2013-11-28,98921.0
2013-12-02,75570.0
2013-12-06,72099.0
2013-12-10,67623.0
2013-12-14,54113.0
2013-12-18,81510.0
2013-12-22,52897.0
2013-12-26,51276.0
2013-12-30,55613.0
2014-01-03,60980.0
2014-01-07,62911.0
2014-01-11,55856.0
2014-01-15,61612.0
2014-01-19,48005.0
2014-01-23,63576.0
2014-01-27,64374.0
2014-01-31,60269.0
2014-02-04,69799.0
2014-02-08,65009.0
2014-02-12,62126.0
2014-02-16,57531.0
2014-02-20,71144.0
2014-02-24,73796.0
2014-02-28,70290.0
2014-03-04,84600.0
2014-03-08,64590.0
2014-03-12,76339.0
2014-03-16,59332.0
2014-03-20,71002.0
2014-03-24,70983.0
2014-03-28,67079.0
2014-04-01,64136.0
2014-04-05,55795.0
2014-04-09,65153.0
2014-04-13,51168.0
2014-04-17,65190.0
2014-04-21,58110.0
2014-04-25,72650.0
2014-04-29,65038.0
2014-05-03,54157.0
2014-05-07,69825.0
2014-05-11,52590.0
2014-05-15,74893.0
2014-05-19,64094.0
2014-05-23,72810.0
2014-05-27,68524.0
2014-05-31,52172.0
2014-06-04,65094.0
2014-06-08,48308.0
2014-06-12,64744.0
2014-06-16,68262.0
2014-06-20,57381.0
2014-06-24,64883.0
2014-06-28,54392.0
2014-07-02,66728.0
2014-07-06,52139.0
2014-07-10,64605.0
2014-07-14,62761.0
2014-07-18,64062.0
2014-07-22,66858.0
2014-07-26,56333.0
2014-07-30,66153.0
2014-08-03,53621.0
2014-08-07,69913.0
2014-08-11,75575.0
2014-08-15,73193.0
2014-08-19,74740.0
2014-08-23,57593.0
2014-08-27,74581.0
2014-08-31,57755.0
2014-09-04,70810.0
2014-09-08,75766.0
2014-09-12,68384.0
2014-09-16,87234.0
2014-09-20,63482.0
2014-09-24,74974.0
2014-09-28,62605.0
2014-10-02,72059.0
2014-10-06,78049.0
2014-10-10,81058.0
2014-10-14,81364.0
2014-10-18,66477.0
2014-10-22,79987.0
2014-10-26,70762.0
2014-10-30,92622.0
2014-11-03,90351.0
2014-11-07,84866.0
2014-11-11,85618.0
2014-11-15,73242.0
2014-11-19,85271.0
2014-11-23,77283.0
2014-11-27,84682.0
2014-12-01,97623.0
2014-12-05,90900.0
2014-12-09,90220.0
2014-12-13,76207.0
2014-12-17,98444.0
2014-12-21,78963.0
2014-12-25,67918.0
2014-12-29,83447.0
2015-01-02,79287.0
2015-01-06,87821.0
2015-01-10,104874.0
2015-01-14,104765.0
2015-01-18,83186.0
2015-01-22,93698.0
2015-01-26,108181.0
2015-01-30,81199.0
2015-02-03,91793.0
2015-02-07,85699.0
2015-02-11,97048.0
2015-02-15,85267.0
2015-02-19,94552.0
2015-02-23,101515.0
2015-02-27,101474.0
2015-03-03,110981.0
2015-03-07,91505.0
2015-03-11,100765.0
2015-03-15,84934.0
2015-03-19,106297.0
2015-03-23,106019.0
2015-03-27,99491.0
2015-03-31,115111.0
2015-04-04,89651.0
2015-04-08,110751.0
2015-04-12,86999.0
2015-04-16,99046.0
2015-04-20,116746.0
2015-04-24,108776.0
2015-04-28,113193.0
2015-05-02,95102.0
2015-05-06,111733.0
2015-05-10,89409.0
2015-05-14,101584.0
2015-05-18,98578.0
2015-05-22,102770.0
2015-05-26,108384.0
2015-05-30,127801.0
2015-06-03,127600.0
2015-06-07,83627.0
2015-06-11,120624.0
2015-06-15,129389.0
2015-06-19,125222.0
2015-06-23,125560.0
2015-06-27,106004.0
2015-07-01,144112.0
2015-07-05,115084.0
2015-07-09,191163.0
2015-07-13,159695.0
2015-07-17,116906.0
2015-07-21,133785.0
2015-07-25,100544.0
2015-07-29,143200.0
2015-08-02,103600.0
2015-08-06,134838.0
2015-08-10,116841.0
2015-08-14,111255.0
2015-08-18,119798.0
2015-08-22,105665.0
2015-08-26,122852.0
2015-08-30,98339.0
2015-09-03,128682.0
2015-09-07,125467.0
2015-09-11,180002.0
2015-09-15,162999.0
2015-09-19,114851.0
2015-09-23,131400.0
2015-09-27,108749.0
2015-10-01,134327.0
2015-10-05,125548.0
2015-10-09,114644.0
2015-10-13,134878.0
2015-10-17,135911.0
2015-10-21,150199.0
2015-10-25,131488.0
2015-10-29,161062.0
2015-11-02,172108.0
2015-11-06,166893.0
2015-11-10,161962.0
2015-11-14,150474.0
2015-11-18,165269.0
2015-11-22,129659.0
2015-11-26,164671.0
2015-11-30,182648.0
2015-12-04,173586.0
2015-12-08,195221.0
2015-12-12,204141.0
2015-12-16,220420.0
2015-12-20,193847.0
2015-12-24,210228.0
2015-12-28,173129.0
2016-01-01,124092.0
2016-01-05,182371.0
2016-01-09,179968.0
2016-01-13,188131.0
2016-01-17,204128.0
2016-01-21,222743.0
2016-01-25,222150.0
2016-01-29,224394.0
2016-02-02,241722.0
2016-02-06,224156.0
2016-02-10,235527.0
2016-02-14,186088.0
2016-02-18,212979.0
2016-02-22,237696.0
2016-02-26,203635.0
2016-03-01,277094.0
2016-03-05,234992.0
2016-03-09,190388.0
2016-03-13,149803.0
2016-03-17,208319.0
2016-03-21,199006.0
2016-03-25,172309.0
2016-03-29,197409.0
2016-04-02,183503.0
2016-04-06,219290.0
2016-04-10,186954.0
2016-04-14,227928.0
2016-04-18,220395.0
2016-04-22,210976.0
2016-04-26,250744.0
2016-04-30,215712.0
2016-05-04,233691.0
2016-05-08,189025.0
2016-05-12,228409.0
2016-05-16,239809.0
2016-05-20,209396.0
2016-05-24,246517.0
2016-05-28,193054.0
2016-06-01,234384.0
2016-06-05,189802.0
2016-06-09,236353.0
2016-06-13,251354.0
2016-06-17,253752.0
2016-06-21,248164.0
2016-06-25,206919.0
2016-06-29,224112.0
2016-07-03,177127.0
2016-07-07,215548.0
2016-07-11,218089.0
2016-07-15,216081.0
2016-07-19,222146.0
2016-07-23,195796.0
2016-07-27,235603.0
2016-07-31,192254.0
2016-08-04,231835.0
2016-08-08,235295.0
2016-08-12,232973.0
2016-08-16,254431.0
2016-08-20,208224.0
2016-08-24,235130.0
2016-08-28,174489.0
2016-09-01,237466.0
2016-09-05,227683.0
2016-09-09,220534.0
2016-09-13,239886.0
2016-09-17,215529.0
2016-09-21,239216.0
2016-09-25,195642.0
2016-09-29,242730.0
2016-10-03,256665.0
2016-10-07,266324.0
2016-10-11,263565.0
2016-10-15,210448.0
2016-10-19,199083.0
2016-10-23,191578.0
2016-10-27,326388.0
2016-10-31,241778.0
2016-11-04,248043.0
2016-11-08,296060.0
2016-11-12,228886.0
2016-11-16,289789.0
2016-11-20,243591.0
2016-11-24,328538.0
2016-11-28,298530.0
2016-12-02,315478.0
2016-12-06,319762.0
2016-12-10,250241.0
2016-12-14,286328.0
2016-12-18,235789.0
2016-12-22,314644.0
2016-12-26,244914.0
2016-12-30,286818.0
2017-01-03,301664.0
2017-01-07,282060.0
2017-01-11,303058.0
2017-01-15,235999.0
2017-01-19,300605.0
2017-01-23,235530.0
2017-01-27,263332.0
2017-01-31,307683.0
2017-02-04,284778.0
2017-02-08,308316.0
2017-02-12,237744.0
2017-02-16,283203.0
2017-02-20,282728.0
2017-02-24,343805.0
2017-02-28,325414.0
2017-03-04,265780.0
2017-03-08,297108.0
2017-03-12,221110.0
2017-03-16,327034.0
2017-03-20,277033.0
2017-03-24,289521.0
2017-03-28,294001.0
2017-04-01,255871.0
2017-04-05,316555.0
2017-04-09,238286.0
2017-04-13,228679.0
2017-04-17,245184.0
2017-04-21,330354.0
2017-04-25,325387.0
2017-04-29,341319.0
2017-05-03,295149.0
2017-05-07,316011.0
2017-05-11,294743.0
2017-05-15,329229.0
2017-05-19,319502.0
2017-05-23,367710.0
2017-05-27,331914.0
2017-05-31,321634.0
2017-06-04,266044.0
2017-06-08,307377.0
2017-06-12,269098.0
2017-06-16,269937.0
2017-06-20,269438.0
2017-06-24,227127.0
2017-06-28,279811.0
2017-07-02,196539.0
2017-07-06,225106.0
2017-07-10,251722.0
2017-07-14,227903.0
2017-07-18,260575.0
2017-07-22,223358.0
2017-07-26,237853.0
2017-07-30,184145.0
2017-08-03,213017.0
2017-08-07,249002.0
2017-08-11,284001.0
2017-08-15,311002.0
2017-08-19,266832.0
2017-08-23,315734.0
2017-08-27,261891.0
2017-08-31,280724.0
2017-09-04,269280.0
2017-09-08,279488.0
2017-09-12,256230.0
2017-09-16,228257.0
2017-09-20,235723.0
2017-09-24,185277.0
2017-09-28,275976.0
2017-10-02,295002.0
2017-10-06,283699.0
2017-10-10,303101.0
2017-10-14,293140.0
2017-10-18,329579.0
2017-10-22,289131.0
2017-10-26,265827.0
2017-10-30,316077.0
2017-11-03,277598.0
2017-11-07,335636.0
2017-11-11,197081.0
2017-11-15,321788.0
2017-11-19,264855.0
2017-11-23,352207.0
2017-11-27,379256.0
2017-12-01,412908.0
2017-12-05,405709.0
2017-12-09,403399.0
2017-12-13,424579.0
2017-12-17,391910.0
2017-12-21,335482.0
2017-12-25,228926.0
2017-12-29,353824.0
2018-01-02,340980.0
2018-01-06,358847.0
2018-01-10,347393.0
2018-01-14,235045.0
2018-01-18,309495.0
2018-01-22,245562.0
2018-01-26,220459.0
2018-01-30,236609.0
2018-02-03,194891.0
2018-02-07,213719.0
2018-02-11,147208.0
2018-02-15,198183.0
2018-02-19,187367.0
2018-02-23,185193.0
2018-02-27,219624.0
2018-03-03,177024.0
2018-03-07,213978.0
2018-03-11,150884.0
2018-03-15,206186.0
2018-03-19,191528.0
2018-03-23,179818.0
2018-03-27,187065.0
2018-03-31,148617.0
2018-04-04,185710.0
2018-04-08,138535.0
2018-04-12,210879.0
2018-04-16,196106.0
2018-04-20,207777.0
2018-04-24,254493.0
2018-04-28,203681.0
2018-05-02,212296.0
2018-05-06,171761.0
2018-05-10,208961.0
2018-05-14,209697.0
2018-05-18,211496.0
2018-05-22,203337.0
2018-05-26,158783.0
2018-05-30,204077.0
2018-06-03,163443.0
2018-06-07,207627.0
2018-06-11,213196.0
2018-06-15,205861.0
2018-06-19,191805.0
2018-06-23,163295.0
2018-06-27,188510.0
2018-07-01,156247.0
2018-07-05,199600.0
2018-07-09,206546.0
2018-07-13,207904.0
2018-07-17,233966.0
2018-07-21,184803.0
2018-07-25,250208.0
2018-07-29,168407.0
2018-08-02,224873.0
2018-08-06,218607.0
2018-08-10,226148.0
2018-08-14,247622.0
2018-08-18,190935.0
2018-08-22,230333.0
2018-08-26,172747.0
2018-08-30,231391.0
2018-09-03,222897.0
2018-09-07,230790.0
2018-09-11,237571.0
2018-09-15,211071.0
2018-09-19,251037.0
2018-09-23,200319.0
2018-09-27,248686.0
2018-10-01,242820.0
2018-10-05,244719.0
2018-10-09,235862.0
2018-10-13,205097.0
2018-10-17,260362.0
2018-10-21,211505.0
2018-10-25,254599.0
2018-10-29,269754.0
2018-11-02,292704.0
2018-11-06,285451.0
2018-11-10,252499.0
2018-11-14,292755.0
2018-11-18,239803.0
2018-11-22,266116.0
2018-11-26,257062.0
2018-11-30,250157.0
2018-12-04,270189.0
2018-12-08,231104.0
2018-12-12,261423.0
2018-12-16,226453.0
2018-12-20,287273.0
2018-12-24,272297.0
2018-12-28,308267.0
2019-01-01,234725.0
2019-01-05,265192.0
2019-01-09,319056.0
2019-01-13,276997.0
2019-01-17,296695.0
2019-01-21,315202.0
2019-01-25,301085.0
2019-01-29,326162.0
2019-02-02,322032.0
2019-02-06,349596.0
2019-02-10,299609.0
2019-02-14,354483.0
2019-02-18,344274.0
2019-02-22,350306.0
2019-02-26,366568.0
2019-03-02,335864.0
2019-03-06,277863.0
2019-03-10,212877.0
2019-03-14,299929.0
2019-03-18,291505.0
2019-03-22,298524.0
2019-03-26,366415.0
2019-03-30,377783.0
2019-04-03,360250.0
2019-04-07,350631.0
2019-04-11,402802.0
2019-04-15,381473.0
2019-04-19,362128.0
2019-04-23,311753.0
2019-04-27,359008.0
2019-05-01,439549.0
2019-05-05,330732.0
2019-05-09,361569.0
2019-05-13,390428.0
2019-05-17,361654.0
2019-05-21,380889.0
2019-05-25,338398.0
2019-05-29,405155.0
2019-06-02,301003.0
2019-06-06,364526.0
2019-06-10,353629.0
2019-06-14,364383.0
2019-06-18,394843.0
2019-06-22,354075.0
2019-06-26,399624.0
2019-06-30,330731.0
2019-07-04,370704.0
2019-07-08,378966.0
2019-07-12,360899.0
2019-07-16,363337.0
2019-07-20,323002.0
2019-07-24,295589.0
2019-07-28,272974.0
2019-08-01,335943.0
2019-08-05,339136.0
2019-08-09,341125.0
2019-08-13,370747.0
2019-08-17,288256.0
2019-08-21,308808.0
2019-08-25,288934.0
2019-08-29,346734.0
2019-09-02,327248.0
2019-09-06,365531.0
2019-09-10,339858.0
2019-09-14,299894.0
2019-09-18,363185.0
2019-09-22,318713.0
2019-09-26,355775.0
2019-09-30,311396.0
2019-10-04,337222.0
2019-10-08,336354.0
2019-10-12,301693.0
2019-10-16,338473.0
2019-10-20,289796.0
2019-10-24,303843.0
2019-10-28,309611.0
2019-11-01,316187.0
2019-11-05,332839.0
2019-11-09,306163.0
2019-11-13,318945.0
2019-11-17,264370.0
2019-11-21,323954.0
2019-11-25,279470.0
2019-11-29,311290.0
2019-12-03,336512.0
2019-12-07,285284.0
2019-12-11,291248.0
2019-12-15,263441.0
2019-12-19,319555.0
2019-12-23,304845.0
2019-12-27,322204.0
2019-12-31,293447.0
2020-01-04,287215.0
2020-01-08,318019.0
2020-01-12,283136.0
2020-01-16,325947.0
2020-01-20,313661.0
2020-01-24,313887.0
2020-01-28,340052.0
2020-02-01,303724.0
2020-02-05,368604.0
2020-02-09,317070.0
2020-02-13,340081.0
2020-02-17,341491.0
2020-02-21,338484.0
2020-02-25,334593.0
2020-02-29,307527.0
2020-03-04,358745.0
2020-03-08,302694.0
2020-03-12,349978.0
2020-03-16,270399.0
2020-03-20,284594.0
2020-03-24,278131.0
2020-03-28,240627.0
2020-04-01,281855.0
2020-04-05,240259.0
2020-04-09,286706.0
2020-04-13,288113.0
2020-04-17,284222.0
2020-04-21,310851.0
2020-04-25,280805.0
2020-04-29,331401.0
2020-05-03,281752.0
2020-05-07,341986.0
2020-05-11,305839.0
2020-05-15,310642.0
2020-05-19,274897.0
2020-05-23,269230.0
2020-05-27,292927.0
2020-05-31,258427.0
2020-06-04,318285.0
2020-06-08,317275.0
2020-06-12,318274.0
2020-06-16,340517.0
2020-06-20,284123.0
2020-06-24,312321.0
2020-06-28,264909.0
2020-07-02,339469.0
2020-07-06,338767.0
2020-07-10,345996.0
2020-07-14,359847.0
2020-07-18,311022.0
2020-07-22,364792.0
2020-07-26,298580.0
2020-07-30,327789.0
2020-08-03,333753.0
2020-08-07,326499.0
2020-08-11,349952.0
2020-08-15,313760.0
2020-08-19,333879.0
2020-08-23,288728.0
2020-08-27,328157.0
2020-08-31,302920.0
2020-09-04,298286.0
2020-09-08,332668.0
2020-09-12,300152.0
2020-09-16,342609.0
2020-09-20,259095.0
2020-09-24,316552.0
2020-09-28,295476.0
2020-10-02,315443.0
2020-10-06,317922.0
2020-10-10,298486.0
2020-10-14,314541.0
2020-10-18,231557.0
2020-10-22,339087.0
2020-10-26,252494.0
2020-10-30,268364.0
2020-11-03,331673.0
2020-11-07,270901.0
2020-11-11,322277.0
2020-11-15,252715.0
2020-11-19,311061.0
2020-11-23,297840.0
2020-11-27,322445.0
2020-12-01,378068.0
2020-12-05,282599.0
2020-12-09,321079.0
2020-12-13,276160.0
2020-12-17,309481.0
2020-12-21,269834.0
2020-12-25,303901.0
2020-12-29,336311.0
2021-01-02,297111.0
2021-01-06,397384.0
2021-01-10,331865.0
2021-01-14,338809.0
2021-01-18,313816.0
2021-01-22,326935.0
2021-01-26,336935.0
2021-01-30,312313.0
2021-02-03,344425.0
2021-02-07,286364.0
2021-02-11,304739.0
2021-02-15,308496.0
2021-02-19,341586.0
2021-02-23,287884.0
2021-02-27,320784.0
2021-03-03,333402.0
2021-03-07,260739.0
2021-03-11,291245.0
2021-03-15,292231.0
2021-03-19,316180.0
2021-03-23,314234.0
2021-03-27,288259.0
2021-03-31,332749.0
2021-04-04,246007.0
2021-04-08,278534.0
2021-04-12,291369.0
2021-04-16,219704.0
2021-04-20,279977.0
2021-04-24,290690.0
2021-04-28,277126.0
2021-05-02,235214.0
2021-05-06,311380.0
2021-05-10,303297.0
2021-05-14,266055.0
2021-05-18,221018.0
2021-05-22,223800.0
2021-05-26,230753.0
2021-05-30,179795.0
2021-06-03,255621.0
2021-06-07,235479.0
2021-06-11,216502.0
2021-06-15,241861.0
2021-06-19,187042.0
2021-06-23,232704.0
2021-06-27,124640.0
2021-07-01,230253.0
2021-07-05,223760.0
2021-07-09,227511.0
2021-07-13,229916.0
2021-07-17,182047.0
2021-07-21,235680.0
2021-07-25,174535.0
2021-07-29,262612.0
2021-08-02,239277.0
2021-08-06,260810.0
2021-08-10,260968.0
2021-08-14,209074.0
2021-08-18,247333.0
2021-08-22,190631.0
2021-08-26,258590.0
2021-08-30,250955.0
2021-09-03,283991.0
2021-09-07,276624.0
2021-09-11,218445.0
2021-09-15,268957.0
2021-09-19,200516.0
2021-09-23,268689.0
2021-09-27,255873.0
2021-10-01,277042.0
2021-10-05,312538.0
2021-10-09,246189.0
2021-10-13,288916.0
2021-10-17,215883.0
2021-10-21,320743.0
2021-10-25,284680.0
2021-10-29,305733.0
2021-11-02,297402.0
2021-11-06,236233.0
2021-11-10,301025.0
2021-11-14,224016.0
2021-11-18,293867.0
2021-11-22,279165.0
2021-11-26,292645.0
2021-11-30,293876.0
2021-12-04,253674.0
2021-12-08,266110.0
2021-12-12,214808.0
2021-12-16,256206.0
2021-12-20,266947.0
2021-12-24,260565.0
2021-12-28,265422.0
2022-01-01,186834.0
2022-01-05,272155.0
2022-01-09,210143.0
2022-01-13,274515.0
2022-01-17,258141.0
2022-01-21,272348.0
2022-01-25,265128.0
2022-01-29,231038.0
2022-02-02,278985.0
2022-02-06,219196.0
2022-02-10,260813.0
2022-02-14,247592.0
2022-02-18,261055.0
2022-02-22,260265.0
2022-02-26,220423.0
2022-03-02,288657.0
2022-03-06,207116.0
2022-03-10,261553.0
2022-03-14,259592.0
2022-03-18,261318.0
2022-03-22,264569.0
2022-03-26,231031.0
2022-03-30,272864.0
2022-04-03,225564.0
2022-04-07,269404.0
2022-04-11,276623.0
2022-04-15,254831.0
2022-04-19,273168.0
2022-04-23,234978.0
2022-04-27,287105.0
2022-05-01,232322.0
2022-05-05,315759.0
2022-05-09,279511.0
2022-05-13,269880.0
2022-05-17,278496.0
2022-05-21,225225.0
2022-05-25,288842.0
2022-05-29,207859.0
2022-06-02,264901.0
2022-06-06,268921.0
2022-06-10,261856.0
2022-06-14,283231.0
2022-06-18,247890.0
2022-06-22,255472.0
2022-06-26,206755.0
2022-06-30,271213.0
2022-07-04,240385.0
2022-07-08,268331.0
2022-07-12,275378.0
2022-07-16,226638.0
2022-07-20,260195.0
2022-07-24,199919.0
2022-07-28,287254.0
2022-08-01,249610.0
2022-08-05,268463.0
2022-08-09,256233.0
2022-08-13,233308.0
2022-08-17,256127.0
2022-08-21,205435.0
2022-08-25,260460.0
2022-08-29,252235.0
2022-09-02,270588.0
2022-09-06,268125.0
2022-09-10,241936.0
2022-09-14,270309.0
2022-09-18,212396.0
2022-09-22,245794.0
2022-09-26,259311.0
2022-09-30,286672.0
2022-10-04,278744.0
2022-10-08,235498.0
2022-10-12,261196.0
2022-10-16,212919.0
2022-10-20,263986.0
2022-10-24,264486.0
2022-10-28,283035.0
2022-11-01,276192.0
2022-11-05,257198.0
2022-11-09,292265.0
2022-11-13,227644.0
2022-11-17,248465.0
2022-11-21,270779.0
2022-11-25,258341.0
2022-11-29,271512.0
2022-12-03,250951.0
2022-12-07,272328.0
2022-12-11,217788.0
2022-12-15,276713.0
2022-12-19,259096.0
2022-12-23,273926.0
2022-12-27,239359.0
2022-12-31,242325.0
2023-01-04,277936.0
2023-01-08,228488.0
2023-01-12,315980.0
2023-01-16,302804.0
2023-01-20,295822.0
2023-01-24,292970.0
2023-01-28,268849.0
2023-02-01,345561.0
2023-02-05,254113.0
2023-02-09,369499.0
2023-02-13,299329.0
2023-02-17,321260.0
2023-02-21,290457.0
2023-02-25,258413.0
2023-03-01,381932.0
2023-03-05,286638.0
2023-03-09,336854.0
2023-03-13,333107.0
2023-03-17,338823.0
2023-03-21,327932.0
2023-03-25,290197.0
2023-03-29,334637.0
2023-04-02,341622.0
2023-04-06,354019.0
2023-04-10,289625.0
2023-04-14,315959.0
2023-04-18,312522.0
2023-04-22,354752.0
2023-04-26,436461.0
2023-04-30,568516.0
2023-05-04,491123.0
2023-05-08,575051.0
2023-05-12,509159.0
2023-05-16,566462.0
2023-05-20,423736.0
2023-05-24,405521.0
2023-05-28,496158.0
2023-06-01,355986.0
2023-06-05,359254.0
2023-06-09,387084.0
2023-06-13,410483.0
2023-06-17,475252.0
2023-06-21,363280.0
2023-06-25,382769.0
2023-06-29,438193.0
2023-07-03,328114.0
2023-07-07,556014.0
2023-07-11,432293.0
2023-07-15,484980.0
2023-07-19,480249.0
2023-07-23,559624.0
2023-07-27,413038.0
2023-07-31,445666.0
2023-08-04,318486.0
2023-08-08,331194.0
2023-08-12,503934.0
2023-08-16,566878.0
2023-08-20,612461.0
2023-08-24,399151.0
2023-08-28,331345.0
2023-09-01,419548.0
2023-09-05,462093.0
2023-09-09,597409.0
2023-09-13,512446.0
2023-09-17,611220.0
2023-09-21,431540.0
2023-09-25,285750.0
2023-09-29,330269.0
2023-10-03,310664.0
2023-10-07,244567.0
2023-10-11,264600.0
2023-10-15,251923.0
2023-10-19,282007.0
2023-10-23,301780.0
2023-10-27,452816.0
2023-10-31,433751.0
2023-11-04,698917.0
2023-11-08,583201.0
2023-11-12,703327.0
2023-11-16,628426.0
2023-11-20,640670.0
2023-11-24,623898.0
2023-11-28,447662.0
2023-12-02,429362.0
2023-12-06,467795.0
2023-12-10,536175.0
2023-12-14,570985.0
2023-12-18,640936.0
2023-12-22,625531.0
2023-12-26,553693.0
2023-12-30,533823.0
2024-01-03,502749.0
2024-01-07,348688.0
2024-01-11,449075.0
2024-01-15,408499.0
2024-01-19,460763.0
2024-01-23,368462.0
2024-01-27,597446.0
2024-01-31,444450.0
2024-02-04,336211.0
2024-02-08,285101.0
2024-02-12,409911.0
2024-02-16,312782.0
2024-02-20,397096.0
2024-02-24,340419.0
2024-02-28,413800.0
2024-03-03,385447.0
2024-03-07,436344.0
2024-03-11,394098.0
2024-03-15,307904.0
2024-03-19,463952.0
2024-03-23,326610.0
2024-03-27,355902.0
2024-03-31,319675.0
2024-04-04,320607.0
2024-04-08,455617.0
2024-04-12,448489.0
2024-04-16,454669.0
2024-04-20,631001.0
2024-04-24,606713.0
2024-04-28,487521.0
2024-05-02,559839.0
2024-05-06,519817.0
2024-05-10,713791.0
2024-05-14,422043.0
2024-05-18,401264.0
2024-05-22,583279.0
2024-05-26,852655.0
2024-05-30,510417.0
2024-06-03,769224.0
2024-06-07,263982.0
2024-06-11,463737.0
2024-06-15,452945.0
2024-06-19,634554.0
2024-06-23,492352.0
2024-06-27,414624.0
2024-07-01,611062.0
2024-07-05,490537.0
2024-07-09,654037.0
2024-07-13,735686.0
2024-07-17,615870.0
2024-07-21,859629.0
2024-07-25,719711.0
2024-07-29,826129.0
2024-08-02,410113.0
2024-08-06,485173.0
2024-08-10,548777.0
2024-08-14,504701.0
2024-08-18,769702.0
2024-08-22,795102.0
2024-08-26,600722.0
2024-08-30,542101.0
2024-09-03,582751.0
2024-09-07,781426.0
2024-09-11,411402.0
2024-09-15,712474.0
2024-09-19,455707.0
2024-09-23,580102.0
2024-09-27,451723.0
2024-10-01,632894.0
2024-10-05,757575.0
2024-10-09,536887.0
2024-10-13,648739.0
2024-10-17,653027.0
2024-10-21,835011.0
2024-10-25,524014.0
2024-10-29,614981.0
2024-11-02,544612.0
2024-11-06,501641.0
2024-11-10,558278.0
2024-11-14,503566.0
2024-11-18,673308.0
2024-11-22,540305.0
2024-11-26,475689.0
2024-11-30,640943.0
2024-12-04,502912.0
2024-12-08,420320.0
2024-12-12,474978.0
2024-12-16,412747.0
2024-12-20,398670.0
2024-12-24,326570.0
2024-12-28,298580.0
2025-01-01,292213.0
2025-01-05,433954.0
2025-01-09,534013.0
2025-01-13,408248.0
2025-01-17,425661.0
2025-01-21,324412.0
2025-01-25,338988.0
2025-01-29,355332.0
2025-02-02,383258.0
2025-02-06,428326.0
2025-02-10,359522.0
2025-02-14,346002.0
2025-02-18,422709.0
2025-02-22,551849.0
2025-02-26,403575.0
2025-03-02,264912.0
2025-03-06,370349.0
2025-03-10,446224.0
2025-03-14,439189.0
2025-03-18,369237.0
2025-03-22,413839.0
2025-03-26,515068.0
2025-03-30,305206.0
2025-04-03,392043.0
2025-04-07,309387.0
2025-04-11,405030.0
2025-04-15,442899.0
2025-04-19,545076.0
2025-04-23,418203.0
2025-04-27,441827.0
2025-05-01,331199.0
2025-05-05,402262.0
2025-05-09,334543.0
2025-05-13,295785.0
2025-05-17,291797.0
2025-05-21,422191.0
2025-05-25,356355.0
2025-05-29,382859.0
2025-06-02,346488.0
2025-06-06,298643.0
2025-06-10,428797.0
2025-06-14,273850.0
2025-06-18,441317.0
2025-06-22,265421.0
2025-06-26,504341.0
2025-06-30,339268.0
2025-07-04,366873.0
2025-07-08,354753.0
2025-07-12,395744.0
2025-07-16,399196.0
2025-07-20,414919.0
2025-07-24,409736.0
2025-07-28,502252.0
2025-08-01,400385.0
2025-08-05,411399.0
2025-08-09,376121.0
2025-08-13,441094.0
2025-08-17,440879.0
2025-08-21,447767.0
2025-08-25,482127.0
2025-08-29,596157.0
2025-09-02,592659.0
2025-09-06,441035.0
2025-09-10,643239.0
2025-09-14,534198.0
2025-09-18,448521.0
2025-09-22,456797.0
2025-09-26,419078.0
2025-09-30,555361.0
2025-10-04,422031.0
2025-10-08,427474.0
2025-10-12,463487.0
2025-10-16,497400.0
2025-10-20,424653.0
2025-10-24,571212.0
2025-10-28,524707.0
2025-11-01,391320.0
2025-11-05,396072.0
2025-11-09,466347.0
2025-11-16,581852.0
2025-11-20,361895.0
2025-11-24,400125.0
2025-11-28,511691.0
2025-12-02,412650.0
2025-12-06,527061.0
2025-12-10,550483.0
2025-12-14,416686.0
2025-12-18,463881.0
2025-12-22,427277.0
2025-12-26,517078.0
2025-12-30,369499.0
2026-01-03,501272.0
2026-01-07,425191.0
2026-01-11,290317.0
2026-01-15,374223.0
2026-01-19,354595.0
2026-01-23,436563.0
2026-01-27,362327.0
2026-01-31,405402.0
2026-02-04,411218.0
2026-02-08,507211.0
2026-02-12,484938.0
2026-02-16,526061.0
2026-02-20,413542.0
2026-02-24,566873.0
2026-02-28,424909.0
2026-03-04,377812.0
2026-03-08,453532.0
2026-03-12,449282.0
2026-03-16,405364.0
2026-03-20,423312.0
2026-03-24,382745.0
2026-03-28,763304.0
2026-04-01,683419.0
2026-04-05,725796.0
2026-04-09,586158.0
2026-04-13,641052.0
2026-04-17,552747.0
2026-04-21,537497.0
2026-04-25,581159.0
2026-04-29,383942.0
2026-05-03,604132.0
2026-05-07,531108.0
2026-05-11,772122.0
2026-05-15,618617.0
2026-05-19,618114.0
2026-05-23,732845.0
2026-05-27,645768.0
2026-05-31,717451.0
2026-06-04,588281.0
2026-06-08,580206.0
2026-06-12,647883.0
2026-06-16,786360.0
2026-06-20,779461.0
2026-06-24,749523.0
2026-06-28,616427.0
2026-07-02,543519.0
2026-07-06,518667.0
2026-07-10,576868.0
2026-07-14,751264.0
